,metric,step,run_0,run_1,run_2,run_3,run_4,mean,std
0,rollout/ep_rew_mean,2048.0,15382.2255859375,15953.2802734375,18998.59765625,17116.10546875,17963.572265625,17082.75625,1467.559014036861
1,rollout/ep_rew_mean,4096.0,15249.8212890625,16359.638671875,17153.673828125,16422.408203125,17484.060546875,16533.9205078125,862.9281876113564
2,rollout/ep_rew_mean,6144.0,15607.72265625,16475.7890625,16312.994140625,16759.314453125,17632.408203125,16557.645703125,735.6448544925054
3,rollout/ep_rew_mean,8192.0,15782.001953125,16463.365234375,15891.3125,17319.634765625,17550.841796875,16601.43125,808.0829030369932
4,rollout/ep_rew_mean,10240.0,16541.244140625,17288.626953125,15650.5263671875,17382.361328125,17930.990234375,16958.7498046875,883.0737017539669
5,rollout/ep_rew_mean,12288.0,17505.26171875,17577.3671875,16311.8486328125,17636.078125,18275.35546875,17461.1822265625,712.3686370282967
6,rollout/ep_rew_mean,14336.0,17945.08984375,18108.09375,16906.189453125,18181.765625,18514.541015625,17931.1359375,609.3440736101968
7,rollout/ep_rew_mean,16384.0,18429.349609375,18242.53125,17296.3984375,18690.646484375,18203.46875,18172.47890625,526.2758036784509
8,rollout/ep_rew_mean,18432.0,19114.07421875,18739.84765625,17979.109375,18823.462890625,18549.337890625,18641.16640625,422.30432905371595
9,rollout/ep_rew_mean,20480.0,19649.255859375,18969.576171875,18090.90625,19036.759765625,18718.21484375,18892.942578125,563.994220559627
10,rollout/ep_rew_mean,22528.0,20618.181640625,19822.58203125,18802.09375,19887.404296875,19382.47265625,19702.546875,670.8634482907216
11,rollout/ep_rew_mean,24576.0,21462.55078125,20244.34375,19294.6171875,20479.568359375,19867.787109375,20269.7734375,803.1035253825738
12,rollout/ep_rew_mean,26624.0,22819.46484375,21381.935546875,20047.25,21368.736328125,20298.77734375,21183.2328125,1098.1652901024313
13,rollout/ep_rew_mean,28672.0,24381.83984375,22212.642578125,20713.05859375,22211.703125,20920.501953125,22087.94921875,1461.6818233951794
14,rollout/ep_rew_mean,30720.0,24794.974609375,23260.7890625,21195.251953125,22911.720703125,21567.380859375,22746.0234375,1439.1604028881707
15,rollout/ep_rew_mean,32768.0,25198.3671875,24134.953125,21614.66015625,23563.142578125,22600.15625,23422.255859375,1380.725163051461
16,rollout/ep_rew_mean,34816.0,26133.322265625,25059.744140625,21889.125,23977.337890625,23602.560546875,24132.41796875,1596.9278236732903
17,rollout/ep_rew_mean,36864.0,27221.138671875,25951.333984375,22501.25,24317.94921875,24479.197265625,24894.173828125,1786.2445083955527
18,rollout/ep_rew_mean,38912.0,28085.41015625,26930.54296875,22766.69921875,25021.728515625,25215.345703125,25603.9453125,2028.391022695367
19,rollout/ep_rew_mean,40960.0,28414.07421875,27739.935546875,23157.685546875,25678.37109375,26128.017578125,26223.616796875,2049.615377685365
20,rollout/ep_rew_mean,43008.0,29087.55859375,28073.046875,23436.146484375,25876.44140625,26925.8828125,26679.815234375,2177.479518244668
21,rollout/ep_rew_mean,45056.0,29440.076171875,28624.28515625,24473.5390625,26851.173828125,27530.830078125,27383.980859375,1906.6988593853098
22,rollout/ep_rew_mean,47104.0,30229.7890625,28821.865234375,25529.205078125,27880.138671875,28478.05859375,28187.811328125,1718.923395243366
23,rollout/ep_rew_mean,49152.0,30102.103515625,29193.861328125,25925.365234375,28705.6875,29152.115234375,28615.8265625,1587.246519721153
24,rollout/ep_rew_mean,51200.0,30523.158203125,29116.44140625,26926.755859375,29573.291015625,29685.619140625,29165.053125,1350.4105212581403
25,rollout/ep_rew_mean,53248.0,31172.140625,29248.931640625,27418.29296875,30421.52734375,29940.23828125,29640.226171875,1426.2975888619487
26,rollout/ep_rew_mean,55296.0,31642.72265625,29655.357421875,27793.068359375,31184.7578125,30335.703125,30122.321875,1510.7446802241627
27,rollout/ep_rew_mean,57344.0,31594.5,29318.412109375,27987.046875,31761.1640625,30563.939453125,30245.0125,1595.1914871062563
28,rollout/ep_rew_mean,59392.0,32061.99609375,28983.330078125,28293.02734375,32514.294921875,30473.005859375,30465.130859375,1848.1667393207263
29,rollout/ep_rew_mean,61440.0,32625.701171875,29151.462890625,29238.875,33182.78125,30652.107421875,30970.185546875,1873.6777827168908
30,rollout/ep_rew_mean,63488.0,32874.19921875,29823.08203125,29476.115234375,33968.640625,30693.734375,31367.154296875,1965.4896209673718
31,rollout/ep_rew_mean,65536.0,33338.828125,30398.82421875,29264.40625,34600.390625,31062.044921875,31732.898828125,2186.5940264984606
32,rollout/ep_rew_mean,67584.0,32851.62890625,30670.2265625,29681.197265625,34687.72265625,31392.076171875,31856.5703125,1959.6542674299774
33,rollout/ep_rew_mean,69632.0,33260.375,31079.875,30337.814453125,34468.6015625,31216.62890625,32072.658984375,1723.3182565430727
34,rollout/ep_rew_mean,71680.0,33358.94921875,31100.322265625,29808.74609375,34493.89453125,31627.537109375,32077.88984375,1856.4523348056664
35,rollout/ep_rew_mean,73728.0,32844.45703125,31112.998046875,30086.12109375,34578.8125,31800.779296875,32084.63359375,1718.790358291151
36,rollout/ep_rew_mean,75776.0,32550.345703125,31425.009765625,30560.1328125,34841.69140625,32390.42578125,32353.52109375,1605.4180297201974
37,rollout/ep_rew_mean,77824.0,33171.5234375,32469.69921875,31391.841796875,35543.42578125,32990.50390625,33113.398828125,1524.9279018946659
38,rollout/ep_rew_mean,79872.0,32798.96484375,32472.8828125,31617.77734375,35333.70703125,33202.5,33085.16640625,1385.6167677964897
39,rollout/ep_rew_mean,81920.0,32545.03125,32486.943359375,31614.66796875,35503.40625,33603.09375,33150.628515625,1492.2037974087516
40,rollout/ep_rew_mean,83968.0,33196.1953125,33003.6484375,32449.880859375,35190.55078125,33724.05078125,33512.865234375,1042.6822977945217
41,rollout/ep_rew_mean,86016.0,33205.48828125,32621.63671875,32729.869140625,35104.72265625,33967.01953125,33525.747265625,1029.719401646175
42,rollout/ep_rew_mean,88064.0,33627.328125,32637.451171875,32731.689453125,35480.51953125,34284.0234375,33752.20234375,1180.0025722431985
43,rollout/ep_rew_mean,90112.0,34123.76953125,32608.74609375,33179.37890625,35582.16796875,34400.75390625,33978.96328125,1149.5620649907812
44,rollout/ep_rew_mean,92160.0,34367.05859375,33119.05078125,33837.5390625,35056.02734375,34462.41015625,34168.4171875,728.7647514114416
45,rollout/ep_rew_mean,94208.0,35230.359375,33478.8828125,34227.66015625,35277.68359375,34325.9609375,34508.109375,755.815234564873
46,rollout/ep_rew_mean,96256.0,35288.23046875,33029.96875,34699.22265625,35542.1328125,33778.3828125,34467.5875,1051.6068809218864
47,rollout/ep_rew_mean,98304.0,35559.48046875,33005.36328125,34664.87890625,35299.1171875,34336.79296875,34573.1265625,1002.7599640637708
48,rollout/ep_rew_mean,100352.0,35612.19921875,33153.3359375,34947.07421875,35346.36328125,34737.9609375,34759.38671875,960.0671094763018
49,rollout/ep_rew_mean,102400.0,35957.015625,33372.20703125,34974.15625,35609.20703125,34563.328125,34895.1828125,1009.1009704662295
50,rollout/ep_rew_mean,104448.0,35799.21484375,33051.12109375,35106.08203125,36070.8046875,34571.640625,34919.77265625,1198.5469384370308
51,rollout/ep_rew_mean,106496.0,35654.546875,33875.83203125,35161.20703125,36196.81640625,34796.328125,35136.94609375,880.0928247106192
52,rollout/ep_rew_mean,108544.0,35411.234375,33947.4609375,35380.2109375,36399.07421875,34567.12109375,35141.0203125,930.9768687545061
53,rollout/ep_rew_mean,110592.0,35525.515625,33882.7734375,35547.48046875,37341.19921875,34584.828125,35376.359375,1300.9079809552345
54,rollout/ep_rew_mean,112640.0,35504.46875,33909.58203125,35662.546875,37789.7421875,34478.48828125,35468.965625,1486.3933350752388
55,rollout/ep_rew_mean,114688.0,35991.43359375,33929.40234375,36070.03125,37266.54296875,34665.171875,35584.51640625,1305.2889091083055
56,rollout/ep_rew_mean,116736.0,36726.55859375,34375.61328125,35933.2578125,37375.6796875,34514.6328125,35785.1484375,1326.5536585975287
57,rollout/ep_rew_mean,118784.0,37071.578125,34121.3828125,35940.44921875,37227.515625,34628.6953125,35797.92421875,1402.152502354508
58,rollout/ep_rew_mean,120832.0,36938.60546875,34181.6171875,35967.70703125,37120.26953125,34378.62890625,35717.365625,1385.0068782528183
59,rollout/ep_rew_mean,122880.0,37632.27734375,33992.25390625,36279.51171875,36909.23828125,34573.12890625,35877.28203125,1546.0334226501755
60,rollout/ep_rew_mean,124928.0,38026.84375,33893.8984375,36163.0703125,37000.22265625,34766.234375,35970.05390625,1664.9692521298164
61,rollout/ep_rew_mean,126976.0,38610.1796875,33544.5078125,36068.75,36818.4140625,34332.34375,35874.8390625,2013.688102145759
62,rollout/ep_rew_mean,129024.0,38711.06640625,33714.38671875,36028.12109375,37320.359375,34235.7421875,36001.93515625,2087.5006413416077
63,rollout/ep_rew_mean,131072.0,38980.21484375,33939.44921875,36279.48828125,37245.78125,34699.0546875,36228.79765625,2011.737528096901
64,rollout/ep_rew_mean,133120.0,38864.38671875,34089.34765625,35802.09375,37462.83203125,34968.6875,36237.46953125,1924.5775296129666
65,rollout/ep_rew_mean,135168.0,38514.2734375,33868.984375,35412.06640625,37923.25390625,35358.24609375,36215.36484375,1942.1192038368617
66,rollout/ep_rew_mean,137216.0,38603.578125,34297.56640625,35151.38671875,37694.52734375,35655.75,36280.56171875,1802.3179718280571
67,rollout/ep_rew_mean,139264.0,38798.4375,34407.3046875,35221.9765625,38605.921875,35770.76171875,36560.88046875,2015.173427786856
68,rollout/ep_rew_mean,141312.0,38893.1015625,34612.73046875,34800.4375,39131.375,35713.6328125,36630.25546875,2215.564790969564
69,rollout/ep_rew_mean,143360.0,38796.5703125,35115.87890625,34743.23828125,39159.68359375,36197.39453125,36802.553125,2060.5844474462515
70,rollout/ep_rew_mean,145408.0,39217.3203125,35395.45703125,34872.80859375,39033.203125,36023.80859375,36908.51953125,2065.250106763496
71,rollout/ep_rew_mean,147456.0,39279.7265625,35775.98828125,35175.58984375,39717.359375,36389.55859375,37267.64453125,2087.004013739447
72,rollout/ep_rew_mean,149504.0,38797.59765625,36106.80078125,35192.51171875,40399.42578125,36263.109375,37351.8890625,2166.5727508493455
73,rollout/ep_rew_mean,151552.0,39335.74609375,35767.6640625,35210.75,40719.984375,36521.8515625,37511.19921875,2394.580532791556
74,rollout/ep_rew_mean,153600.0,39219.4453125,35632.6640625,35645.1875,40723.66796875,36171.86328125,37478.565625,2347.2031362129715
75,rollout/ep_rew_mean,155648.0,39281.41796875,35146.05859375,36147.02734375,40929.4296875,36304.6484375,37561.71640625,2434.9452713294836
76,rollout/ep_rew_mean,157696.0,38838.89453125,35200.9921875,35784.3984375,41083.2265625,36317.30078125,37444.9625,2461.935651941669
77,rollout/ep_rew_mean,159744.0,38469.42578125,35495.28515625,36109.1015625,40529.9453125,36215.20703125,37363.79296875,2099.5098360107872
78,rollout/ep_rew_mean,161792.0,38667.76953125,36057.3671875,36083.9921875,41041.67578125,36406.0078125,37651.3625,2183.786072893309
79,rollout/ep_rew_mean,163840.0,38594.42578125,35856.58984375,36436.73046875,41549.99609375,36333.65625,37754.2796875,2370.0549642146357
80,rollout/ep_rew_mean,165888.0,38292.75390625,35792.828125,36296.7890625,41379.609375,36242.484375,37600.89296875,2322.306430080684
81,rollout/ep_rew_mean,167936.0,38198.19921875,36171.5546875,36189.734375,40949.0625,36106.8359375,37523.07734375,2109.699061501305
82,rollout/ep_rew_mean,169984.0,38497.6328125,36269.2421875,36033.10546875,41092.2421875,35497.484375,37477.94140625,2322.372463756104
83,rollout/ep_rew_mean,172032.0,38258.3828125,36682.58203125,35860.8125,41135.046875,35578.69921875,37503.1046875,2282.277731025729
84,rollout/ep_rew_mean,174080.0,38613.3359375,37265.11328125,35443.38671875,41416.71484375,35878.5546875,37723.42109375,2410.6276159957606
85,rollout/ep_rew_mean,176128.0,38399.0546875,37912.00390625,34933.06640625,41250.90234375,35363.375,37571.68046875,2558.121330174569
86,rollout/ep_rew_mean,178176.0,38715.40234375,37809.7734375,35176.0546875,41867.97265625,35024.4140625,37718.7234375,2825.8801905070495
87,rollout/ep_rew_mean,180224.0,38655.8984375,37786.5390625,34818.5390625,41512.18359375,34856.6015625,37525.95234375,2814.7044010026707
88,rollout/ep_rew_mean,182272.0,38624.31640625,37546.8828125,34703.453125,40835.3125,34548.8046875,37251.75390625,2674.541663229919
89,rollout/ep_rew_mean,184320.0,38796.37109375,38446.921875,34185.703125,41288.03125,34566.22265625,37456.65,3021.1188724906297
90,rollout/ep_rew_mean,186368.0,38311.84375,38781.4296875,34183.41796875,41241.55859375,34774.1640625,37458.4828125,2946.255783735189
91,rollout/ep_rew_mean,188416.0,38170.484375,38928.0625,34099.0859375,41820.48828125,34971.046875,37597.83359375,3125.2797514011163
92,rollout/ep_rew_mean,190464.0,38442.828125,38749.9140625,33905.890625,41741.296875,35081.0859375,37584.203125,3129.4219046309236
93,rollout/ep_rew_mean,192512.0,38545.87109375,38459.43359375,33538.62890625,42114.453125,35018.58984375,37535.3953125,3359.7295268214666
94,rollout/ep_rew_mean,194560.0,38536.45703125,38286.703125,33906.1796875,41886.14453125,34552.89453125,37433.67578125,3259.999593789713
95,rollout/ep_rew_mean,196608.0,38707.40625,38144.87890625,34183.25,42025.09375,34321.48046875,37476.421875,3295.876569127683
96,rollout/ep_rew_mean,198656.0,38514.66796875,38116.00390625,34045.28515625,42230.33984375,34352.984375,37451.85625,3376.8439343931673
97,rollout/ep_rew_mean,200704.0,38350.69921875,38222.5078125,34375.9296875,42533.33984375,34814.1328125,37659.321875,3294.9581655027164
98,rollout/ep_rew_mean,202752.0,37894.1953125,38603.80859375,34143.2421875,42881.80859375,34905.90625,37685.7921875,3469.9495243693154
99,rollout/ep_rew_mean,204800.0,37725.18359375,38482.61328125,34187.98046875,42383.21875,34758.99609375,37507.5984375,3291.821265649596
100,rollout/ep_rew_mean,206848.0,37870.80078125,38271.72265625,34507.546875,42594.015625,34382.89453125,37525.39609375,3367.118265892733
101,rollout/ep_rew_mean,208896.0,37708.85546875,38346.70703125,34767.2421875,41870.18359375,34262.8828125,37391.17421875,3071.917794340409
102,rollout/ep_rew_mean,210944.0,37961.5703125,38391.8359375,35186.00390625,41899.86328125,34610.21484375,37609.89765625,2916.001718252955
103,rollout/ep_rew_mean,212992.0,37283.80859375,38714.98046875,35488.93359375,41643.2578125,34798.60546875,37585.9171875,2738.362341468791
104,rollout/ep_rew_mean,215040.0,36679.796875,39023.94921875,35816.25,41430.40234375,34997.375,37589.5546875,2622.0823172720416
105,rollout/ep_rew_mean,217088.0,37010.3046875,39724.546875,35724.64453125,41503.96875,34368.18359375,37666.3296875,2917.2765238871025
106,rollout/ep_rew_mean,219136.0,36997.94140625,39533.94140625,35715.171875,41043.19140625,33834.21484375,37424.8921875,2895.624809390086
107,rollout/ep_rew_mean,221184.0,37294.50390625,39445.68359375,35570.17578125,41529.67578125,33890.7890625,37546.165625,3033.404398341602
108,rollout/ep_rew_mean,223232.0,37090.640625,38926.296875,36157.21875,41214.953125,34201.8359375,37518.1890625,2677.7821071283665
109,rollout/ep_rew_mean,225280.0,37656.20703125,38687.6484375,35960.58984375,41269.10546875,34462.64453125,37607.2390625,2606.668192940515
110,rollout/ep_rew_mean,227328.0,38037.75,38701.4609375,35570.69921875,40858.9296875,34648.28515625,37563.425,2492.4615089243694
111,rollout/ep_rew_mean,229376.0,37759.37890625,38805.453125,35385.828125,40756.515625,34350.0859375,37411.45234375,2584.997929181389
112,rollout/ep_rew_mean,231424.0,37948.96875,39266.1171875,35182.53125,40840.09375,34161.96875,37479.9359375,2783.3464713107332
113,rollout/ep_rew_mean,233472.0,38398.41796875,39292.7265625,34968.7890625,41192.54296875,34607.49609375,37691.99453125,2839.242641452673
114,rollout/ep_rew_mean,235520.0,38312.53515625,39144.9140625,34458.8671875,41851.33984375,34386.4921875,37630.8296875,3207.6842010656496
115,rollout/ep_rew_mean,237568.0,37954.7421875,39387.94140625,34611.15234375,41893.50390625,34912.66015625,37752.0,3073.9322549804556
116,rollout/ep_rew_mean,239616.0,37655.66015625,39378.45703125,34360.0625,42372.3359375,35339.03515625,37821.11015625,3213.483557136459
117,rollout/ep_rew_mean,241664.0,37736.609375,39506.6484375,34359.7578125,42080.234375,34887.08203125,37714.06640625,3221.82045023222
118,rollout/ep_rew_mean,243712.0,37867.58984375,39571.4765625,34263.33984375,41738.62109375,34944.6796875,37677.14140625,3132.123149561957
119,rollout/ep_rew_mean,245760.0,37820.828125,39862.1796875,34110.25390625,42076.48828125,34775.7890625,37729.1078125,3364.384060032108
120,rollout/ep_rew_mean,247808.0,37956.23046875,40197.515625,34027.515625,42441.02734375,35108.6171875,37946.18125,3488.551237645145
121,rollout/ep_rew_mean,249856.0,37980.125,39931.98046875,34088.1640625,42640.1015625,35072.43359375,37942.5609375,3504.286492746671
122,rollout/ep_rew_mean,251904.0,37826.09375,39507.36328125,34376.9375,42758.33203125,34744.37109375,37842.61953125,3483.7468894663743
123,rollout/ep_rew_mean,253952.0,37927.74609375,39569.92578125,34576.94140625,42440.9140625,34813.33984375,37865.7734375,3315.631709545944
124,rollout/ep_rew_mean,256000.0,38513.94140625,40113.83203125,35224.30859375,42480.6796875,35581.265625,38382.80546875,3067.2035599379456
125,rollout/ep_rew_mean,258048.0,39227.07421875,39875.55078125,35967.1796875,42281.48828125,35497.046875,38569.66796875,2834.1254634194743
126,rollout/ep_rew_mean,260096.0,40057.26171875,39950.15625,35873.6015625,41745.69140625,35988.1328125,38722.96875,2646.762178467408
127,rollout/ep_rew_mean,262144.0,40456.26953125,40058.72265625,36081.5859375,41812.75,36208.2109375,38923.5078125,2618.92863156644
128,rollout/ep_rew_mean,264192.0,40536.09375,40299.171875,36328.30078125,42022.28515625,36283.70703125,39093.91171875,2629.3424219862613
129,rollout/ep_rew_mean,266240.0,40416.69140625,40046.57421875,36535.73046875,41908.51953125,36536.78515625,39088.86015625,2432.200086949625
130,rollout/ep_rew_mean,268288.0,40861.78125,40565.4375,36856.58984375,41854.5703125,35865.1875,39200.71328125,2659.1926904600837
131,rollout/ep_rew_mean,270336.0,40717.67578125,40238.84375,36802.81640625,41681.2109375,35907.75,39069.659375,2551.4407538826813
132,rollout/ep_rew_mean,272384.0,40519.328125,40624.66015625,37007.23828125,41306.390625,35621.484375,39015.8203125,2532.3670732368555
133,rollout/ep_rew_mean,274432.0,40757.26171875,40736.94140625,36749.42578125,41751.98828125,34904.2734375,38979.978125,2979.7831174661405
134,rollout/ep_rew_mean,276480.0,40131.984375,40680.890625,36523.93359375,41366.05859375,35065.84375,38753.7421875,2784.34421740572
135,rollout/ep_rew_mean,278528.0,39528.88671875,40813.45703125,36456.6015625,41374.390625,35030.6484375,38640.796875,2774.237346510654
136,rollout/ep_rew_mean,280576.0,39683.48828125,41039.21875,36365.85546875,41922.40625,34888.0078125,38779.7953125,3031.9455086869207
137,rollout/ep_rew_mean,282624.0,39364.09375,42486.97265625,36662.55859375,41805.03125,35075.19140625,39078.76953125,3201.42446840699
138,rollout/ep_rew_mean,284672.0,39752.53125,42898.4453125,36089.375,41869.546875,34397.890625,39001.5578125,3662.294870050438
139,rollout/ep_rew_mean,286720.0,39583.6484375,43089.9296875,37026.03125,41587.578125,33993.2265625,39056.0828125,3630.1631289589154
140,rollout/ep_rew_mean,288768.0,39945.44921875,42636.734375,36781.10546875,41869.296875,33314.6171875,38909.440625,3858.7122644706874
141,rollout/ep_rew_mean,290816.0,39683.8359375,42501.28125,37123.12109375,41866.1796875,33527.9765625,38940.47890625,3687.4648848607767
142,rollout/ep_rew_mean,292864.0,40142.2265625,42877.7421875,37346.80078125,41884.9140625,34039.16796875,39258.1703125,3594.230017982919
143,rollout/ep_rew_mean,294912.0,40185.62109375,42391.36328125,37409.6875,41511.23828125,33915.85546875,39082.753125,3448.0697155212933
144,rollout/ep_rew_mean,296960.0,40755.453125,42586.55859375,37267.89453125,41655.83203125,34005.4453125,39254.23671875,3557.4234473206093
145,rollout/ep_rew_mean,299008.0,41169.328125,42045.88671875,36994.84375,41376.796875,33960.66796875,39109.5046875,3499.5762717633893
146,rollout/ep_rew_mean,301056.0,41404.10546875,41614.42578125,37582.48828125,41159.7109375,33743.24609375,39100.7953125,3423.130848822968
147,rollout/ep_rew_mean,303104.0,41353.7421875,41195.01171875,37434.75390625,41218.1015625,33942.4453125,39028.8109375,3290.2453431578156
148,rollout/ep_rew_mean,305152.0,40682.90234375,41286.46484375,37860.80078125,41817.40234375,33663.0390625,39062.121875,3382.2872815044057
149,rollout/ep_rew_mean,307200.0,40796.35546875,41264.1015625,37640.15625,41815.296875,33936.60546875,39090.503125,3306.2490255250123
150,rollout/ep_rew_mean,309248.0,40334.296875,41921.03515625,37574.0703125,41373.26953125,34156.25390625,39071.78515625,3217.708383064175
151,rollout/ep_rew_mean,311296.0,40493.60546875,41494.6796875,37395.58984375,41312.9765625,33991.40234375,38937.65078125,3218.885285485365
152,rollout/ep_rew_mean,313344.0,40591.45703125,41360.6015625,37013.2890625,41152.34765625,33320.93359375,38687.72578125,3480.2663443283036
153,rollout/ep_rew_mean,315392.0,40381.7421875,41462.640625,36955.30859375,41853.515625,32893.82421875,38709.40625,3780.221016136429
154,rollout/ep_rew_mean,317440.0,40415.359375,41241.5625,37135.578125,41885.78515625,32237.40234375,38583.1375,3990.473807663845
155,rollout/ep_rew_mean,319488.0,40042.62890625,41794.38671875,36777.6953125,42217.16015625,32426.26953125,38651.628125,4086.304786247548
156,rollout/ep_rew_mean,321536.0,39909.79296875,41494.3671875,36041.6484375,42434.7109375,32186.048828125,38413.313671875,4251.693793014869
157,rollout/ep_rew_mean,323584.0,40194.1640625,41257.2265625,35745.265625,42302.65625,31902.966796875,38280.455859375,4353.191218945379
158,rollout/ep_rew_mean,325632.0,40385.05859375,40679.21484375,35669.453125,42016.84765625,32188.587890625,38187.832421875,4123.99430516513
159,rollout/ep_rew_mean,327680.0,40926.87109375,40254.96875,35316.60546875,42056.51953125,32151.69921875,38141.3328125,4225.226697740151
160,rollout/ep_rew_mean,329728.0,41681.67578125,40322.171875,35807.9375,42481.86328125,31991.646484375,38457.058984375,4441.1499818104785
161,rollout/ep_rew_mean,331776.0,41565.5546875,40641.95703125,35653.77734375,42524.24609375,31969.90625,38471.08828125,4497.751950813071
162,rollout/ep_rew_mean,333824.0,41673.09765625,40420.8828125,35695.2109375,42475.12890625,32455.767578125,38544.017578125,4299.706061337393
163,rollout/ep_rew_mean,335872.0,41674.1484375,40601.73828125,35589.796875,42476.54296875,32921.953125,38652.8359375,4176.49707105039
164,rollout/ep_rew_mean,337920.0,41984.41796875,40628.1953125,36282.55078125,42811.69921875,33122.578125,38965.88828125,4123.397313760139
165,rollout/ep_rew_mean,339968.0,42199.5234375,41092.55859375,36464.3359375,42838.92578125,33346.69921875,39188.40859375,4109.8970735128005
166,rollout/ep_rew_mean,342016.0,42571.44921875,41225.36328125,36692.05859375,42408.02734375,33549.1953125,39289.21875,3998.1798821648463
167,rollout/ep_rew_mean,344064.0,42084.1640625,40675.375,36665.08203125,42427.953125,34111.234375,39192.76171875,3648.146715735771
168,rollout/ep_rew_mean,346112.0,42044.19921875,40672.4453125,36938.59375,42456.47265625,34128.5390625,39248.05,3594.589990902047
169,rollout/ep_rew_mean,348160.0,41872.203125,40464.7265625,36766.4453125,42942.11328125,34312.00390625,39271.4984375,3623.973948775165
170,rollout/ep_rew_mean,350208.0,41791.4453125,40340.73046875,36610.12890625,42862.00390625,34571.015625,39235.06484375,3519.7978752089934
171,rollout/ep_rew_mean,352256.0,41883.796875,41106.78515625,36596.26171875,42480.2890625,35189.33984375,39451.29453125,3322.1978738069406
172,rollout/ep_rew_mean,354304.0,41646.28125,41255.26171875,36592.04296875,42235.04296875,35106.09375,39366.94453125,3272.6913384431605
173,rollout/ep_rew_mean,356352.0,41678.78125,41447.4453125,36827.75,41729.859375,35283.0078125,39393.36875,3097.5391792259225
174,rollout/ep_rew_mean,358400.0,41959.796875,41498.67578125,36849.66015625,41604.7109375,34786.40234375,39339.84921875,3301.1049840904234
175,rollout/ep_rew_mean,360448.0,41808.34375,41312.62890625,36922.39453125,41611.9453125,34459.23828125,39222.91015625,3344.541155866011
176,rollout/ep_rew_mean,362496.0,41392.95703125,41997.6328125,37020.46875,41791.41796875,33917.625,39224.0203125,3605.6280387934644
177,rollout/ep_rew_mean,364544.0,41582.29296875,42597.84375,36797.6953125,42250.5390625,33819.5859375,39409.59140625,3905.9803832671478
178,rollout/ep_rew_mean,366592.0,41653.40234375,43478.984375,36926.05859375,42513.45703125,34214.640625,39757.30859375,3993.104716676386
179,rollout/ep_rew_mean,368640.0,41435.21484375,43254.3046875,36696.6015625,42388.90625,34424.9609375,39639.99765625,3863.376342845877
180,rollout/ep_rew_mean,370688.0,41990.65625,43093.0625,36405.6171875,42613.06640625,34127.88671875,39646.0578125,4096.730123165585
181,rollout/ep_rew_mean,372736.0,41444.35546875,43117.4296875,35897.6015625,42834.796875,34013.76953125,39461.590625,4214.730382500106
182,rollout/ep_rew_mean,374784.0,41792.95703125,42541.3671875,35380.0,43425.08984375,34109.74609375,39449.83203125,4356.906862852095
183,rollout/ep_rew_mean,376832.0,41703.9140625,42735.94140625,35319.8359375,44136.40234375,34389.52734375,39657.12421875,4480.291366970608
184,rollout/ep_rew_mean,378880.0,41808.84765625,42309.01171875,35219.1875,44230.7890625,34073.55078125,39528.27734375,4565.342216983753
185,rollout/ep_rew_mean,380928.0,41769.7578125,42542.2109375,35013.359375,44785.4453125,34367.30078125,39695.61484375,4707.06914118696
186,rollout/ep_rew_mean,382976.0,42338.515625,42398.546875,34845.16015625,44783.34375,34874.19921875,39847.953125,4659.20261615104
187,rollout/ep_rew_mean,385024.0,42102.80078125,41551.98828125,35556.9921875,44333.5078125,34862.55078125,39681.56796875,4220.084028082334
188,rollout/ep_rew_mean,387072.0,42113.88671875,41121.6640625,35249.3125,44133.390625,34277.02734375,39379.05625,4364.778271320625
189,rollout/ep_rew_mean,389120.0,42591.29296875,41422.10546875,35486.078125,44602.26953125,34672.78125,39754.90546875,4426.4111227417
190,rollout/ep_rew_mean,391168.0,42774.8203125,41709.01171875,35374.34765625,44928.82421875,34705.1328125,39898.42734375,4590.597731146773
191,rollout/ep_rew_mean,393216.0,43195.29296875,41370.1328125,35739.21484375,44750.65234375,34699.5390625,39950.96640625,4497.027173653536
192,rollout/ep_rew_mean,395264.0,43574.0078125,41744.390625,35438.4140625,44750.08203125,34858.1875,40073.01640625,4625.995970395152
193,rollout/ep_rew_mean,397312.0,43433.45703125,41773.55078125,35452.3203125,44218.421875,35056.30078125,39986.81015625,4411.628818256069
194,rollout/ep_rew_mean,399360.0,43619.63671875,42489.0703125,35087.84765625,43610.60546875,35463.66015625,40054.1640625,4388.241787582168
195,rollout/ep_rew_mean,401408.0,43555.1796875,42076.734375,35311.71875,43847.46484375,35357.06640625,40029.6328125,4338.419554279012
196,rollout/ep_rew_mean,403456.0,43647.81640625,42466.47265625,35319.2578125,43747.5390625,35055.46875,40047.3109375,4466.000615951933
197,rollout/ep_rew_mean,405504.0,43663.09765625,42998.9921875,34744.66796875,43947.5,35242.171875,40119.2859375,4695.191486542569
198,rollout/ep_rew_mean,407552.0,43456.546875,42916.83203125,34453.5,44295.14453125,35439.12890625,40112.23046875,4754.106670425847
199,rollout/ep_rew_mean,409600.0,43292.12109375,42876.6640625,34210.78515625,44105.796875,35271.46484375,39951.36640625,4791.478177502608
200,rollout/ep_rew_mean,411648.0,42842.74609375,42745.6328125,34676.26171875,43318.05859375,35420.18359375,39800.5765625,4351.645573551675
201,rollout/ep_rew_mean,413696.0,43489.75,42857.3359375,35057.5703125,43167.85546875,35501.6328125,40014.82890625,4331.277267743126
202,rollout/ep_rew_mean,415744.0,43491.92578125,43154.7265625,35059.85546875,42829.0625,35754.796875,40058.0734375,4259.0889552884855
203,rollout/ep_rew_mean,417792.0,43776.671875,42662.9609375,34933.86328125,42872.9921875,35585.078125,39966.31328125,4323.201879273704
204,rollout/ep_rew_mean,419840.0,43485.07421875,42208.828125,35604.07421875,42655.859375,35614.85546875,39913.73828125,3955.8407333133373
205,rollout/ep_rew_mean,421888.0,43336.94140625,42392.37890625,35497.75,43225.6953125,35296.76953125,39949.90703125,4172.584642819949
206,rollout/ep_rew_mean,423936.0,43646.12890625,42406.37890625,35616.3671875,42886.21484375,35306.07421875,39972.2328125,4143.080748577119
207,rollout/ep_rew_mean,425984.0,43554.8828125,41779.1484375,35812.65625,42184.578125,35171.83203125,39700.61953125,3904.223765592779
208,rollout/ep_rew_mean,428032.0,43407.77734375,43024.17578125,35925.26953125,42098.3515625,35098.98828125,39910.9125,4054.1745832944903
209,rollout/ep_rew_mean,430080.0,43795.02734375,42662.05859375,35732.64453125,41640.1640625,35154.82421875,39796.94375,4051.506463429581
210,rollout/ep_rew_mean,432128.0,43606.52734375,42529.0625,35656.5390625,41858.38671875,35003.1171875,39730.7265625,4072.1231453407704
211,rollout/ep_rew_mean,434176.0,43269.95703125,42660.734375,35604.90234375,41642.08984375,34311.22265625,39497.78125,4209.707180017233
212,rollout/ep_rew_mean,436224.0,42825.73046875,42746.62890625,35406.0,41714.6875,33884.08984375,39315.42734375,4319.573783494802
213,rollout/ep_rew_mean,438272.0,42985.0,42633.58984375,35545.04296875,42063.11328125,34335.21875,39512.39296875,4208.6233661491515
214,rollout/ep_rew_mean,440320.0,42798.84765625,42851.6484375,35042.921875,42200.75,34245.68359375,39427.9703125,4383.418717170908
215,rollout/ep_rew_mean,442368.0,43041.6953125,43299.14453125,34905.2421875,41503.2265625,34628.90234375,39475.6421875,4353.919117695054
216,rollout/ep_rew_mean,444416.0,42553.3828125,43584.9296875,34586.33203125,41850.3359375,34562.12109375,39427.4203125,4473.095072634655
217,rollout/ep_rew_mean,446464.0,43137.421875,43543.26953125,34886.89453125,41772.6171875,34884.6328125,39644.9671875,4393.772132063406
218,rollout/ep_rew_mean,448512.0,43828.98046875,43513.90234375,34507.234375,42658.38671875,34889.24609375,39879.55,4751.140908951195
219,rollout/ep_rew_mean,450560.0,43661.62109375,43193.0390625,34597.41015625,43035.27734375,34887.82421875,39875.034375,4692.017483006627
220,rollout/ep_rew_mean,452608.0,43903.7578125,43178.69921875,34773.97265625,43314.5625,34730.14453125,39980.22734375,4780.443546832343
221,rollout/ep_rew_mean,454656.0,43999.15625,43380.87890625,35028.11328125,43398.5,35265.75,40214.4796875,4633.469759949676
222,rollout/ep_rew_mean,456704.0,44076.47265625,43353.6953125,35813.58203125,43522.515625,35582.328125,40469.71875,4364.96734175465
223,rollout/ep_rew_mean,458752.0,43511.59765625,43224.078125,35966.140625,43464.328125,34903.2265625,40213.87421875,4380.296143995329
224,rollout/ep_rew_mean,460800.0,43550.94921875,42920.8515625,36276.69921875,43830.08203125,34858.80859375,40287.478125,4350.050056953143
225,rollout/ep_rew_mean,462848.0,43796.21875,42885.69921875,37095.6484375,43749.0625,34816.890625,40468.70390625,4212.940494505922
226,rollout/ep_rew_mean,464896.0,43635.8046875,43136.44140625,36964.5859375,44163.21484375,35252.97265625,40630.60390625,4187.732051956969
227,rollout/ep_rew_mean,466944.0,43397.453125,43079.96484375,37103.8359375,43566.2734375,35007.3203125,40430.96953125,4066.1136377654484
228,rollout/ep_rew_mean,468992.0,42681.890625,42773.12890625,36882.2578125,43541.7421875,35249.3828125,40225.68046875,3855.5395412922135
229,rollout/ep_rew_mean,471040.0,42396.04296875,43151.83203125,36980.3125,43161.296875,35000.77734375,40138.05234375,3862.781138944446
230,rollout/ep_rew_mean,473088.0,42094.6953125,43417.2421875,37084.08203125,43457.92578125,35112.2734375,40233.24375,3877.5952162567705
231,rollout/ep_rew_mean,475136.0,41727.1015625,43260.76171875,36891.18359375,43611.62109375,35501.2734375,40198.38828125,3753.856160660026
232,rollout/ep_rew_mean,477184.0,41817.91015625,43019.26171875,36208.95703125,43450.75390625,35589.68359375,40017.31328125,3812.8021201478005
233,rollout/ep_rew_mean,479232.0,41612.9921875,43697.671875,35836.55859375,43326.2734375,36415.62890625,40177.825,3786.900708395411
234,rollout/ep_rew_mean,481280.0,41206.67578125,43145.07421875,35539.2421875,42981.01953125,36375.5625,39849.51484375,3645.3982728271026
235,rollout/ep_rew_mean,483328.0,41154.91015625,42538.8671875,35298.03515625,42899.4609375,36639.265625,39706.1078125,3505.6270350203354
236,rollout/ep_rew_mean,485376.0,41182.60546875,42040.6015625,35111.421875,42191.74609375,36191.40234375,39343.55546875,3413.7727095342984
237,rollout/ep_rew_mean,487424.0,41440.90625,41354.55078125,34559.23046875,42666.625,35836.640625,39171.590625,3692.0905814165208
238,rollout/ep_rew_mean,489472.0,41620.13671875,41253.09375,34625.4921875,42419.26953125,35779.87890625,39139.57421875,3641.4641851151214
239,rollout/ep_rew_mean,491520.0,41628.3046875,41868.98046875,35052.0703125,42330.00390625,36113.68359375,39398.60859375,3512.495111577335
240,rollout/ep_rew_mean,493568.0,41821.55078125,41542.9375,34962.484375,42032.375,36040.41015625,39279.9515625,3474.6157398811765
241,rollout/ep_rew_mean,495616.0,42165.49609375,41332.51171875,35621.6953125,41940.3984375,35732.91796875,39358.60390625,3374.5630517711966
242,rollout/ep_rew_mean,497664.0,42327.0625,41443.125,35758.53515625,42081.37109375,35429.8359375,39407.9859375,3498.355170732893
243,rollout/ep_rew_mean,499712.0,43330.1015625,41018.0,35861.2265625,42135.91015625,35284.80859375,39526.009375,3705.6427449811863
244,rollout/ep_rew_mean,501760.0,43456.15234375,42044.01171875,35759.015625,42714.80859375,35162.57421875,39827.3125,4022.769270822957
245,rollout/ep_rew_mean,503808.0,43472.109375,41995.40625,35331.078125,43204.265625,35418.68359375,39884.30859375,4154.060567435405
246,rollout/ep_rew_mean,505856.0,43145.42578125,42422.0078125,35588.29296875,43859.64453125,34971.3203125,39997.33828125,4341.872407213664
247,rollout/ep_rew_mean,507904.0,43199.984375,42855.60546875,36236.921875,43160.33984375,35230.75,40136.7203125,4037.176328806306
248,rollout/ep_rew_mean,509952.0,43118.02734375,42375.046875,36365.58984375,43515.23828125,35438.08984375,40162.3984375,3924.5362001077033
249,rollout/ep_rew_mean,512000.0,43195.28515625,42596.48828125,36023.05859375,43579.16796875,35895.015625,40257.803125,3940.0726320839317
250,rollout/ep_rew_mean,514048.0,42870.3359375,42525.60546875,35873.59375,43367.2109375,35779.26171875,40083.2015625,3897.5270542466924
251,rollout/ep_rew_mean,516096.0,43012.25,42686.11328125,36215.8046875,43186.8828125,35787.171875,40177.64453125,3819.5334714902806
252,rollout/ep_rew_mean,518144.0,43292.3359375,42932.1171875,36290.58984375,43019.37890625,36141.015625,40335.0875,3763.0938752772927
253,rollout/ep_rew_mean,520192.0,43041.7890625,43269.50390625,36622.703125,43378.953125,36048.57421875,40472.3046875,3783.64909882363
254,rollout/ep_rew_mean,522240.0,42594.26953125,42717.26953125,36928.94140625,43319.9921875,36162.5,40344.59453125,3489.2770172595
255,rollout/ep_rew_mean,524288.0,43324.8125,42490.09375,37577.47265625,42744.828125,36441.83203125,40515.8078125,3239.9049371706524
256,rollout/ep_rew_mean,526336.0,43325.06640625,42241.2421875,37761.83984375,43022.109375,37331.49609375,40736.35078125,2942.430536177705
257,rollout/ep_rew_mean,528384.0,42971.6875,41788.25390625,37944.69140625,43261.9375,37600.76953125,40713.46796875,2743.375312928427
258,rollout/ep_rew_mean,530432.0,42573.4296875,41588.50390625,38232.1171875,43575.671875,36881.12890625,40570.1703125,2879.17566267779
259,rollout/ep_rew_mean,532480.0,42121.65234375,41796.91796875,38244.36328125,43995.0546875,36274.1015625,40486.41796875,3141.351304114443
260,rollout/ep_rew_mean,534528.0,42261.13671875,41311.23046875,37479.10546875,43887.9140625,36981.2578125,40384.12890625,3028.1132289611237
261,rollout/ep_rew_mean,536576.0,42053.5,41535.21875,36551.30859375,43970.84375,37172.12890625,40256.6,3236.6058025991924
262,rollout/ep_rew_mean,538624.0,42245.01953125,41674.09765625,36440.8828125,44241.6953125,37448.1484375,40409.96875,3323.1605608948908
263,rollout/ep_rew_mean,540672.0,42490.6640625,42050.484375,35970.0390625,44275.5078125,37238.4609375,40405.03125,3596.3277201613287
264,rollout/ep_rew_mean,542720.0,42953.3125,41866.50390625,37012.2890625,43921.88671875,36972.7109375,40545.340625,3323.8156054835044
265,rollout/ep_rew_mean,544768.0,42171.0078125,42030.609375,36032.1484375,43281.65234375,36699.1640625,40042.91640625,3399.8546395291633
266,rollout/ep_rew_mean,546816.0,42908.84765625,41656.328125,35802.97265625,43424.9453125,35961.28515625,39950.87578125,3769.9223502456134
267,rollout/ep_rew_mean,548864.0,43045.94140625,41997.65234375,35445.0546875,43047.80078125,35973.1796875,39901.92578125,3855.910379083564
268,rollout/ep_rew_mean,550912.0,43208.58203125,42075.82421875,35661.60546875,42912.0625,36103.91015625,39992.396875,3777.7323550020938
269,rollout/ep_rew_mean,552960.0,42998.87109375,41990.63671875,35585.85546875,42750.53125,35982.49609375,39861.678125,3743.348414660742
270,rollout/ep_rew_mean,555008.0,43648.52734375,42204.21875,36176.5078125,43534.91015625,35361.3671875,40185.10625,4081.378662499728
271,rollout/ep_rew_mean,557056.0,43305.19140625,42357.49609375,36824.26953125,43266.0703125,35016.53125,40153.91171875,3935.4502301744324
272,rollout/ep_rew_mean,559104.0,43391.78125,41709.45703125,36773.734375,42577.25390625,34740.42578125,39838.53046875,3840.9051630054714
273,rollout/ep_rew_mean,561152.0,43461.23828125,41466.23046875,36467.15625,42787.93359375,35308.8671875,39898.28515625,3752.950786696845
274,rollout/ep_rew_mean,563200.0,44117.2265625,41629.09765625,35900.85546875,42198.10546875,35051.390625,39779.33515625,4046.1536414347293
275,rollout/ep_rew_mean,565248.0,44628.23828125,42052.8515625,35745.35546875,42395.9609375,34882.05078125,39940.89140625,4348.946800762119
276,rollout/ep_rew_mean,567296.0,44325.24609375,42213.62109375,36361.24609375,42619.05078125,35091.93359375,40122.21953125,4114.676684816056
277,rollout/ep_rew_mean,569344.0,44560.859375,42082.69921875,36337.8515625,42646.46484375,35040.05859375,40133.58671875,4185.270998337412
278,rollout/ep_rew_mean,571392.0,44933.6875,41883.4609375,36564.48046875,42783.4921875,35238.66015625,40280.75625,4174.792132739346
279,rollout/ep_rew_mean,573440.0,44654.94921875,41969.53125,36865.69921875,42277.375,35199.8046875,40193.471875,3981.6015012148077
280,rollout/ep_rew_mean,575488.0,43990.38671875,42018.30859375,37055.23828125,42059.578125,35798.05078125,40184.3125,3549.5338118775526
281,rollout/ep_rew_mean,577536.0,44255.3203125,42203.19921875,36887.86328125,42172.7578125,35779.87890625,40259.80390625,3702.703097901836
282,rollout/ep_rew_mean,579584.0,44210.98828125,42040.25390625,37081.08203125,42637.36328125,35823.33203125,40358.60390625,3680.0950057595
283,rollout/ep_rew_mean,581632.0,43944.0625,42402.92578125,37062.91796875,42551.1875,36114.11328125,40415.04140625,3560.3198093358765
284,rollout/ep_rew_mean,583680.0,43631.04296875,42586.4140625,37121.62109375,42447.90234375,36521.8828125,40461.77265625,3360.8938913542875
285,rollout/ep_rew_mean,585728.0,43498.84765625,42686.06640625,37184.30859375,42587.02734375,36616.453125,40514.540625,3324.242222462756
286,rollout/ep_rew_mean,587776.0,43757.625,42372.5390625,36932.9375,42743.50390625,36275.046875,40416.33046875,3524.5919548803067
287,rollout/ep_rew_mean,589824.0,43912.0234375,43097.88671875,35998.93359375,42940.2109375,36519.81640625,40493.77421875,3887.377496226398
288,rollout/ep_rew_mean,591872.0,43983.79296875,43919.1015625,35830.71484375,43610.265625,36466.8984375,40762.1546875,4219.754965776565
289,rollout/ep_rew_mean,593920.0,44504.53515625,43920.26171875,34994.17578125,43922.69140625,36875.5625,40843.4453125,4536.247970806813
290,rollout/ep_rew_mean,595968.0,44576.02734375,43683.296875,34875.359375,43958.8203125,36512.4921875,40721.19921875,4636.8893425122815
291,rollout/ep_rew_mean,598016.0,44049.46875,44277.60546875,34905.82421875,43946.00390625,36293.46484375,40694.4734375,4678.263981154565
292,rollout/ep_rew_mean,600064.0,44102.93359375,44691.09375,34861.51953125,43497.9453125,35803.3359375,40591.365625,4830.720710315855
293,rollout/ep_rew_mean,602112.0,44232.09375,44363.921875,35043.390625,43966.01953125,35591.21875,40639.32890625,4864.292443845363
294,rollout/ep_rew_mean,604160.0,43992.66796875,44107.16796875,35318.1953125,44240.55859375,35332.078125,40598.13359375,4814.367409181976
295,rollout/ep_rew_mean,606208.0,43749.2421875,44414.2578125,35323.17578125,44249.70703125,35856.15625,40718.5078125,4692.1572139471655
296,rollout/ep_rew_mean,608256.0,43709.88671875,44500.8203125,35810.2890625,43828.73828125,35715.2734375,40713.0015625,4529.088845790134
297,rollout/ep_rew_mean,610304.0,43813.07421875,44385.734375,36144.61328125,43137.41796875,36184.6796875,40733.10390625,4193.776987027382
298,rollout/ep_rew_mean,612352.0,43056.7421875,43559.375,36913.46484375,42861.5703125,36450.265625,40568.28359375,3560.6877858794855
299,rollout/ep_rew_mean,614400.0,43138.859375,43075.45703125,37528.27734375,42743.4296875,35620.86328125,40421.37734375,3578.9571644245007
300,rollout/ep_rew_mean,616448.0,43443.30859375,43643.4296875,37390.2265625,42521.23046875,35878.51171875,40575.34140625,3661.627077370636
301,rollout/ep_rew_mean,618496.0,43596.76953125,43290.66015625,36982.015625,42320.1328125,35998.87109375,40437.68984375,3650.6030942867073
302,rollout/ep_rew_mean,620544.0,43597.90625,43396.7890625,36739.81640625,42713.125,35792.37890625,40448.003125,3846.2153774201033
303,rollout/ep_rew_mean,622592.0,44014.0703125,43302.2734375,37026.70703125,42177.39453125,36104.92578125,40525.07421875,3687.5593841333193
304,rollout/ep_rew_mean,624640.0,43964.45703125,43146.625,37187.09375,42385.3359375,36359.46484375,40608.5953125,3557.4566933828573
305,rollout/ep_rew_mean,626688.0,44456.7109375,43067.7734375,37294.9609375,41768.0625,36168.265625,40551.1546875,3635.935864760624
306,rollout/ep_rew_mean,628736.0,44177.71484375,42453.7421875,36829.66796875,41876.515625,36315.90625,40330.709375,3538.08463094334
307,rollout/ep_rew_mean,630784.0,43825.74609375,42043.9921875,36936.078125,42197.0859375,36316.35546875,40263.8515625,3400.3746082861135
308,rollout/ep_rew_mean,632832.0,44826.15625,42384.55859375,37182.0625,41932.88671875,36076.87890625,40480.50859375,3704.4285399625273
309,rollout/ep_rew_mean,634880.0,44661.00390625,42677.921875,37048.3359375,42398.6328125,36464.95703125,40650.1703125,3665.545822396851
310,rollout/ep_rew_mean,636928.0,44587.328125,42751.29296875,37007.63671875,42933.734375,36012.6796875,40658.534375,3869.9035315990436
311,rollout/ep_rew_mean,638976.0,44090.515625,42456.7265625,37088.0390625,43228.734375,36414.15625,40655.634375,3618.738000950766
312,rollout/ep_rew_mean,641024.0,43987.44921875,42464.93359375,37321.45703125,43557.140625,37141.41796875,40894.4796875,3390.2253770143225
313,rollout/ep_rew_mean,643072.0,43643.54296875,42299.10546875,37261.01171875,43769.7734375,36633.0625,40721.29921875,3500.3373126931842
314,rollout/ep_rew_mean,645120.0,43655.98828125,42131.93359375,37096.78125,43602.51171875,36246.7578125,40546.79453125,3602.432045711793
315,rollout/ep_rew_mean,647168.0,43328.97265625,42170.58984375,37298.234375,43711.4296875,36238.8515625,40549.615625,3517.9403749291578
316,rollout/ep_rew_mean,649216.0,43452.98046875,42352.453125,37126.15234375,43477.7890625,36623.1484375,40606.5046875,3441.4754732828915
317,rollout/ep_rew_mean,651264.0,43284.65234375,42515.3515625,36893.328125,43633.49609375,36426.0,40550.565625,3578.66951419546
318,rollout/ep_rew_mean,653312.0,43110.125,42587.36328125,36499.30078125,43751.59765625,36283.3125,40446.33984375,3725.3985005427776
319,rollout/ep_rew_mean,655360.0,43152.5703125,42126.8515625,36637.22265625,43156.015625,36743.2421875,40363.18046875,3379.2704248816754
320,rollout/ep_rew_mean,657408.0,43289.96875,42022.890625,37160.71484375,42169.4296875,36830.859375,40294.77265625,3053.397449189156
321,rollout/ep_rew_mean,659456.0,43420.71875,42031.6875,37694.91796875,42101.09375,36405.453125,40330.77421875,3079.3984111739423
322,rollout/ep_rew_mean,661504.0,43161.96484375,41981.95703125,37465.30859375,41128.28515625,36545.8359375,40056.6703125,2895.6456540224426
323,rollout/ep_rew_mean,663552.0,43516.19140625,41928.01171875,37331.6953125,41084.9921875,37031.44921875,40178.46796875,2873.6270115833327
324,rollout/ep_rew_mean,665600.0,43825.9296875,42344.62109375,37344.75390625,41228.25390625,37059.09375,40360.53046875,3028.7350495028404
325,rollout/ep_rew_mean,667648.0,43765.9609375,42004.046875,37305.36328125,41394.30859375,37045.7734375,40303.090625,2986.300558734005
326,rollout/ep_rew_mean,669696.0,43561.39453125,41695.58984375,37541.8828125,41472.41796875,36419.203125,40138.09765625,3020.5819867339883
327,rollout/ep_rew_mean,671744.0,43562.1953125,41703.30859375,37116.609375,41278.375,36517.1875,40035.53515625,3068.48288737326
328,rollout/ep_rew_mean,673792.0,43521.8515625,42109.98046875,36895.5,41673.9375,36348.39453125,40109.9328125,3262.255331583524
329,rollout/ep_rew_mean,675840.0,43593.546875,42246.82421875,36734.203125,41678.92578125,36444.2421875,40139.5484375,3316.3256779755825
330,rollout/ep_rew_mean,677888.0,43411.16015625,42317.53125,36883.30078125,41851.5078125,36858.0390625,40264.3078125,3149.26520557783
331,rollout/ep_rew_mean,679936.0,43712.84765625,42468.92578125,36613.77734375,42017.4609375,36491.25,40260.85234375,3441.968607504355
332,rollout/ep_rew_mean,681984.0,43678.546875,42321.36328125,36029.34375,42448.4140625,36620.0390625,40219.54140625,3600.84784689504
333,rollout/ep_rew_mean,684032.0,43339.203125,42622.1796875,36283.9296875,42001.71875,36509.43359375,40151.29296875,3460.916293756896
334,rollout/ep_rew_mean,686080.0,43122.39453125,42301.3828125,36508.875,42386.21875,36515.64453125,40166.903125,3351.4606485031672
335,rollout/ep_rew_mean,688128.0,43187.1640625,42644.20703125,36259.08203125,42400.80859375,36742.125,40246.67734375,3435.7566740883713
336,rollout/ep_rew_mean,690176.0,43367.1484375,42919.17578125,36501.42578125,41923.36328125,37020.4765625,40346.31796875,3319.5068517392147
337,rollout/ep_rew_mean,692224.0,43532.9140625,43204.2890625,36739.16015625,42156.64453125,37145.3515625,40555.671875,3340.595150127315
338,rollout/ep_rew_mean,694272.0,43954.3125,43044.71484375,36468.29296875,42037.31640625,37377.0703125,40576.34140625,3418.6767024662354
339,rollout/ep_rew_mean,696320.0,43907.96875,42825.57421875,36526.6875,41831.78515625,37567.484375,40531.9,3285.4973068709273
340,rollout/ep_rew_mean,698368.0,44006.91796875,42546.203125,36443.859375,41811.140625,37969.62109375,40555.5484375,3203.2864624184667
341,rollout/ep_rew_mean,700416.0,43826.203125,42725.390625,36259.91015625,41382.01171875,37778.28125,40394.359375,3245.1598752423392
342,rollout/ep_rew_mean,702464.0,43690.76171875,43045.64453125,36432.65234375,40943.62109375,37820.45703125,40386.62734375,3182.6508912539193
343,rollout/ep_rew_mean,704512.0,43892.2109375,42731.1796875,36158.91796875,40944.34375,37754.265625,40296.18359375,3273.3409551017685
344,rollout/ep_rew_mean,706560.0,44172.1484375,42943.28125,36409.34375,40911.1015625,37311.984375,40349.571875,3406.1367773945285
345,rollout/ep_rew_mean,708608.0,44418.66015625,43609.37109375,35926.5078125,40712.7578125,37188.5390625,40371.1671875,3770.5757772334237
346,rollout/ep_rew_mean,710656.0,44591.3203125,43586.76953125,35328.296875,41169.765625,36692.75390625,40273.78125,4114.042885295791
347,rollout/ep_rew_mean,712704.0,44321.2265625,43508.15234375,35882.2578125,41227.9140625,36494.83984375,40286.878125,3915.3019668654442
348,rollout/ep_rew_mean,714752.0,44269.109375,43609.5859375,36158.3515625,41400.8828125,36652.43359375,40418.07265625,3817.9647059116664
349,rollout/ep_rew_mean,716800.0,44390.4375,43648.25390625,36224.390625,41881.953125,36612.55078125,40551.5171875,3883.8327684205915
350,rollout/ep_rew_mean,718848.0,44530.453125,43674.25,36396.5,41340.06640625,36292.75390625,40446.8046875,3922.741715281763
351,rollout/ep_rew_mean,720896.0,44331.578125,42983.9375,36707.578125,41382.76171875,36385.76953125,40358.325,3634.5289132093712
352,rollout/ep_rew_mean,722944.0,44617.4140625,43413.3359375,36693.8984375,41508.359375,36486.63671875,40543.92890625,3776.2831813597236
353,rollout/ep_rew_mean,724992.0,44058.45703125,43804.796875,36932.71484375,41467.8203125,35956.5703125,40444.071875,3803.735398295266
354,rollout/ep_rew_mean,727040.0,44275.87890625,43774.69921875,36646.4453125,41464.2265625,36120.74609375,40456.39921875,3870.687688128144
355,rollout/ep_rew_mean,729088.0,44300.7421875,43479.984375,37217.55078125,42140.75390625,35842.92578125,40596.39140625,3822.119113416836
356,rollout/ep_rew_mean,731136.0,44073.94140625,43119.30859375,36950.4375,41544.578125,35821.87109375,40302.02734375,3708.5474341584877
357,rollout/ep_rew_mean,733184.0,44021.53515625,43358.12109375,36518.8828125,41480.6796875,35655.70703125,40206.98515625,3886.4822985290284
358,rollout/ep_rew_mean,735232.0,44556.46875,43255.7265625,36471.88671875,41149.1171875,34799.67578125,40046.575,4247.403394499632
359,rollout/ep_rew_mean,737280.0,44101.94921875,43190.5859375,36023.734375,41287.0,34668.01171875,39854.25625,4266.051340713099
360,rollout/ep_rew_mean,739328.0,44233.44140625,43894.22265625,35542.87109375,41770.9375,34775.41796875,40043.378125,4565.524697257046
361,rollout/ep_rew_mean,741376.0,44153.30078125,43767.01171875,35591.52734375,42447.890625,34971.98828125,40186.34375,4526.9848193821435
362,rollout/ep_rew_mean,743424.0,44454.62890625,43622.6015625,35742.15625,42908.953125,34755.75390625,40296.81875,4653.4882802028515
363,rollout/ep_rew_mean,745472.0,45170.3984375,43075.44921875,35609.90234375,43409.08203125,35001.4453125,40453.25546875,4770.863443628027
364,rollout/ep_rew_mean,747520.0,44319.39453125,43116.0234375,35474.79296875,42999.80859375,35141.99609375,40210.403125,4506.161782286116
365,rollout/ep_rew_mean,749568.0,44341.90625,43334.91015625,35350.734375,42662.296875,35648.953125,40267.76015625,4394.610407606174
366,rollout/ep_rew_mean,751616.0,44427.3203125,43283.27734375,35602.90625,42768.53125,35921.6875,40400.74453125,4278.13995636524
367,rollout/ep_rew_mean,753664.0,44827.546875,43283.01171875,36004.76953125,43115.96875,36152.83203125,40676.82578125,4250.433454782277
368,rollout/ep_rew_mean,755712.0,44447.4609375,43197.50390625,36231.88671875,43599.90625,36541.9453125,40803.740625,4058.635546293787
369,rollout/ep_rew_mean,757760.0,44997.6015625,42648.33984375,36484.625,43456.7109375,37077.26953125,40932.909375,3888.6755806025553
370,rollout/ep_rew_mean,759808.0,45323.2578125,42449.43359375,36738.6640625,43428.3671875,36912.171875,40970.37890625,3922.796157052877
371,rollout/ep_rew_mean,761856.0,45517.140625,42604.296875,36500.1640625,43256.75,36389.80859375,40853.63203125,4167.328844924468
372,rollout/ep_rew_mean,763904.0,45450.515625,42207.859375,36100.88671875,42921.9453125,36810.82421875,40698.40625,4063.729755437781
373,rollout/ep_rew_mean,765952.0,45304.09765625,42520.046875,36260.03515625,42781.15234375,36601.08203125,40693.2828125,4042.142738035675
374,rollout/ep_rew_mean,768000.0,45578.92578125,42544.30859375,36402.58203125,42708.453125,36052.73046875,40657.4,4221.821775533291
375,rollout/ep_rew_mean,770048.0,45326.91796875,42420.7734375,36800.0546875,42483.31640625,36074.1953125,40621.0515625,4003.93951896182
376,rollout/ep_rew_mean,772096.0,45412.43359375,42455.96484375,36773.0,42817.44140625,36053.32421875,40702.4328125,4086.162510230824
377,rollout/ep_rew_mean,774144.0,44384.82421875,42724.80859375,36450.2890625,42575.16015625,36377.51171875,40502.51875,3799.4393911911798
378,rollout/ep_rew_mean,776192.0,44295.04296875,42200.90625,36031.2265625,42120.40234375,36167.83203125,40163.08203125,3810.8786296080825
379,rollout/ep_rew_mean,778240.0,43254.171875,42658.41015625,36031.94921875,42512.26171875,35680.1875,40027.39609375,3820.035745983343
380,rollout/ep_rew_mean,780288.0,43477.17578125,42131.40234375,35803.828125,42564.87890625,35967.921875,39989.04140625,3777.470818058704
381,rollout/ep_rew_mean,782336.0,43591.14453125,42364.71484375,35680.92578125,42556.96875,36201.2578125,40079.00234375,3810.509217533405
382,rollout/ep_rew_mean,784384.0,43355.83984375,42619.6328125,35523.83984375,42495.609375,36159.53125,40030.890625,3844.887582634137
383,rollout/ep_rew_mean,786432.0,42691.77734375,42548.859375,35263.875,42971.9375,36424.06640625,39980.103125,3801.0184010380167
384,rollout/ep_rew_mean,788480.0,42774.984375,42825.65625,34974.56640625,42922.45703125,36348.73828125,39969.28046875,3962.562400775536
385,rollout/ep_rew_mean,790528.0,43266.08984375,43523.21875,34889.1015625,43390.171875,36131.8515625,40240.08671875,4340.775437068025
386,rollout/ep_rew_mean,792576.0,43511.39453125,43263.5859375,35459.53125,42726.52734375,36183.0546875,40228.81875,4041.595414200346
387,rollout/ep_rew_mean,794624.0,43368.7109375,43481.2734375,35614.203125,42765.234375,35672.44921875,40180.37421875,4150.729904934364
388,rollout/ep_rew_mean,796672.0,43346.41796875,44177.34765625,35447.6015625,42370.2734375,35609.77734375,40190.28359375,4303.611567806145
389,rollout/ep_rew_mean,798720.0,43500.71875,44121.8046875,35190.9375,42466.15625,35722.05859375,40200.33515625,4374.740741689115
390,rollout/ep_rew_mean,800768.0,43023.9453125,44129.359375,35122.08203125,42118.77734375,35618.0546875,40002.44375,4291.869351031784
391,rollout/ep_rew_mean,802816.0,43158.2734375,44227.72265625,35157.82421875,42435.94921875,36213.8359375,40238.72109375,4221.342925012162
392,rollout/ep_rew_mean,804864.0,43664.7578125,43961.48046875,35481.5625,42577.22265625,36265.6953125,40390.14375,4164.315734926515
393,rollout/ep_rew_mean,806912.0,43464.04296875,43737.4296875,35286.625,42116.01953125,36223.21875,40165.4671875,4086.2145246323307
394,rollout/ep_rew_mean,808960.0,44050.71484375,43739.71875,35530.3984375,42297.85546875,36047.0078125,40333.1390625,4204.833647626979
395,rollout/ep_rew_mean,811008.0,43581.890625,42986.98046875,35642.81640625,42199.57421875,36565.2734375,40195.30703125,3780.932119215291
396,rollout/ep_rew_mean,813056.0,43498.17578125,43087.5703125,35458.71484375,42660.2265625,36449.87109375,40230.91171875,3930.878229068982
397,rollout/ep_rew_mean,815104.0,43842.1171875,42596.27734375,35381.375,43251.4453125,36609.4609375,40336.13515625,4010.515395711566
398,rollout/ep_rew_mean,817152.0,43410.30078125,42965.87109375,35644.1875,43739.6328125,36730.90234375,40498.17890625,3963.2873742562533
399,rollout/ep_rew_mean,819200.0,43726.85546875,43017.7890625,36096.40625,43391.71484375,36430.21484375,40532.59609375,3907.1520741917507
400,rollout/ep_rew_mean,821248.0,43756.63671875,42999.3515625,36631.71875,44048.58203125,35992.75390625,40685.80859375,4017.1855320162203
401,rollout/ep_rew_mean,823296.0,43672.2734375,42747.41015625,36695.6015625,43879.2890625,36261.88671875,40651.2921875,3835.830117672811
402,rollout/ep_rew_mean,825344.0,43684.5390625,43028.3984375,36726.1484375,43643.39453125,35834.32421875,40583.3609375,3949.3910214251805
403,rollout/ep_rew_mean,827392.0,44427.3359375,43026.546875,37652.88671875,43434.28515625,35629.92578125,40834.19609375,3926.9160241452555
404,rollout/ep_rew_mean,829440.0,44278.41796875,42844.0546875,37755.10546875,43328.43359375,35914.65625,40824.13359375,3735.1566794172404
405,rollout/ep_rew_mean,831488.0,44372.78515625,43976.19921875,37671.140625,44170.4921875,35348.0625,41107.7359375,4279.40209878067
406,rollout/ep_rew_mean,833536.0,44136.31640625,44569.953125,37852.23046875,43490.42578125,35500.05859375,41109.796875,4149.722828454182
407,rollout/ep_rew_mean,835584.0,44336.6171875,44619.171875,37528.515625,43306.11328125,35200.58203125,40998.2,4336.877163489836
408,rollout/ep_rew_mean,837632.0,44525.12890625,44245.16015625,37937.60546875,42598.68359375,35835.6796875,41028.4515625,3922.9390951302003
409,rollout/ep_rew_mean,839680.0,44334.9765625,44617.31640625,37431.984375,42876.171875,36275.2890625,41107.14765625,3959.9019369760813
410,rollout/ep_rew_mean,841728.0,44217.6640625,44696.57421875,37090.01171875,42789.4296875,36625.51171875,41083.83828125,3924.5730142153257
411,rollout/ep_rew_mean,843776.0,44172.37890625,44935.83203125,37080.59765625,42719.94921875,36443.74609375,41070.50078125,4018.9955090712424
412,rollout/ep_rew_mean,845824.0,44013.9140625,44708.8515625,37172.76171875,42313.9296875,36886.7265625,41019.23671875,3746.017554979387
413,rollout/ep_rew_mean,847872.0,43988.671875,44735.140625,36743.7734375,42079.51953125,36503.44921875,40810.1109375,3943.4420777633004
414,rollout/ep_rew_mean,849920.0,43690.81640625,44006.796875,36373.71484375,41971.4609375,36397.58984375,40488.07578125,3824.2456216004402
415,rollout/ep_rew_mean,851968.0,44115.31640625,43387.39453125,36381.828125,41526.79296875,36301.72265625,40342.6109375,3772.3626336547927
416,rollout/ep_rew_mean,854016.0,43651.37890625,43262.2578125,36385.34765625,41092.0703125,36129.85546875,40104.18203125,3645.441410187296
417,rollout/ep_rew_mean,856064.0,43550.1484375,42977.4921875,36470.609375,40910.34375,36446.9765625,40071.1140625,3440.6767895251082
418,rollout/ep_rew_mean,858112.0,43739.46484375,43054.14453125,36275.22265625,41357.94921875,36122.10546875,40109.77734375,3674.4795259369102
419,rollout/ep_rew_mean,860160.0,43821.62890625,42284.75,36509.31640625,40634.0546875,36001.4609375,39850.2421875,3474.478557291589
420,rollout/ep_rew_mean,862208.0,43475.66796875,41836.21875,36617.33984375,40745.265625,35623.28125,39659.5546875,3392.1206373712475
421,rollout/ep_rew_mean,864256.0,43583.890625,41633.05078125,36719.50390625,40881.3828125,35411.328125,39645.83125,3445.2267417550597
422,rollout/ep_rew_mean,866304.0,43719.4765625,41919.33984375,36727.6875,40885.2734375,35445.33203125,39739.421875,3514.811694849636
423,rollout/ep_rew_mean,868352.0,44019.8046875,42112.58203125,36557.703125,40491.87890625,35992.95703125,39834.98515625,3486.883603541113
424,rollout/ep_rew_mean,870400.0,43678.02734375,42167.03125,36480.55078125,40446.2734375,36395.19921875,39833.41640625,3303.991168579094
425,rollout/ep_rew_mean,872448.0,44041.21875,41876.74609375,36320.71484375,40908.18359375,36483.98828125,39926.1703125,3411.401686965392
426,rollout/ep_rew_mean,874496.0,43954.296875,41699.26171875,36147.609375,41587.9921875,36573.62890625,39992.5578125,3450.591573227138
427,rollout/ep_rew_mean,876544.0,43509.16796875,41034.80078125,35854.21875,41345.33984375,36740.55078125,39696.815625,3261.399980882394
428,rollout/ep_rew_mean,878592.0,43843.1015625,40987.13671875,35485.86328125,41912.5546875,36436.99609375,39733.13046875,3609.6421003973683
429,rollout/ep_rew_mean,880640.0,43847.29296875,40827.578125,35684.83984375,41720.96484375,36318.12109375,39679.759375,3539.503422044872
430,rollout/ep_rew_mean,882688.0,43882.6015625,41181.890625,35459.1875,41595.75390625,36941.83203125,39812.253125,3493.31561384689
431,rollout/ep_rew_mean,884736.0,43660.6796875,40534.0234375,35188.61328125,41422.8046875,36812.0546875,39523.63515625,3460.0560015733918
432,rollout/ep_rew_mean,886784.0,43462.71484375,40626.06640625,35481.9140625,42057.5546875,36926.02734375,39710.85546875,3393.3858517881376
433,rollout/ep_rew_mean,888832.0,43569.48046875,39972.87890625,36035.7421875,42562.46484375,36946.05859375,39817.325,3323.5222198978577
434,rollout/ep_rew_mean,890880.0,44001.6015625,40558.9375,35870.96875,42884.796875,36887.34375,40040.7296875,3583.8705564249894
435,rollout/ep_rew_mean,892928.0,44096.14453125,40141.5,36226.109375,42126.46484375,36416.83984375,39801.41171875,3471.4685520016333
436,rollout/ep_rew_mean,894976.0,43899.67578125,39699.86328125,35755.390625,41688.5,36565.71875,39521.8296875,3421.123635242796
437,rollout/ep_rew_mean,897024.0,44062.6171875,39600.67578125,36275.5390625,41654.078125,36881.44921875,39694.871875,3260.8183433887616
438,rollout/ep_rew_mean,899072.0,44027.72265625,39694.0234375,35656.04296875,41292.21875,37366.12109375,39607.22578125,3279.5549849744125
439,rollout/ep_rew_mean,901120.0,43739.34375,39702.40625,35506.0859375,41788.62890625,37724.8984375,39692.27265625,3246.8568345148915
440,rollout/ep_rew_mean,903168.0,43369.83203125,39575.41796875,35860.57421875,41949.16015625,37820.53125,39715.103125,3033.741988806534
441,rollout/ep_rew_mean,905216.0,43235.05078125,39749.2578125,35842.765625,42123.8671875,38102.3046875,39810.64921875,2989.306507702241
442,rollout/ep_rew_mean,907264.0,43170.4609375,39401.11328125,35813.05078125,42077.34765625,37669.84765625,39626.3640625,3040.8878547043305
443,rollout/ep_rew_mean,909312.0,43334.796875,39852.9140625,35239.02734375,41807.609375,37263.44140625,39499.5578125,3290.64422942325
444,rollout/ep_rew_mean,911360.0,42856.515625,39734.22265625,35206.51171875,41832.46484375,37291.98828125,39384.340625,3162.43266952599
445,rollout/ep_rew_mean,913408.0,42900.12109375,39871.7890625,35420.98828125,41869.3125,37177.01171875,39447.84453125,3135.8293350299127
446,rollout/ep_rew_mean,915456.0,43306.7109375,40293.6328125,34457.97265625,41715.6484375,37136.47265625,39382.0875,3569.621256269716
447,rollout/ep_rew_mean,917504.0,43673.71875,40296.73828125,34488.91796875,42114.49609375,36179.5390625,39350.68203125,3902.4106203591214
448,rollout/ep_rew_mean,919552.0,43398.30078125,40727.55859375,34702.69921875,41754.42578125,35977.30078125,39312.05703125,3776.009019434389
449,rollout/ep_rew_mean,921600.0,43711.87890625,40625.02734375,35271.64453125,42107.07421875,35865.8671875,39516.2984375,3771.1745352357498
450,rollout/ep_rew_mean,923648.0,43939.296875,40677.4921875,35372.59765625,41791.171875,35425.21484375,39441.1546875,3871.864004571039
451,rollout/ep_rew_mean,925696.0,43924.18359375,40797.2421875,35598.71484375,41961.72265625,35574.84375,39571.34140625,3805.185464487671
452,rollout/ep_rew_mean,927744.0,43988.5234375,40723.59375,35929.1875,41846.08984375,36100.3359375,39717.54609375,3578.405650651335
453,rollout/ep_rew_mean,929792.0,43487.8671875,40545.5234375,35940.921875,42177.93359375,36282.3046875,39686.91015625,3428.317936227136
454,rollout/ep_rew_mean,931840.0,42915.59765625,41073.69921875,36414.12109375,42563.046875,36213.1171875,39835.91640625,3289.6481888694857
455,rollout/ep_rew_mean,933888.0,43093.12890625,41173.8046875,36138.046875,42405.40625,36242.66796875,39810.6109375,3375.8009401620798
456,rollout/ep_rew_mean,935936.0,43126.39453125,41354.58984375,36640.8359375,42425.51171875,36199.09375,39949.28515625,3286.7299497681493
457,rollout/ep_rew_mean,937984.0,42871.82421875,41507.15234375,36533.5625,42177.70703125,35958.79296875,39809.8078125,3294.995004340916
458,rollout/ep_rew_mean,940032.0,43103.21875,41900.08203125,36374.359375,42058.12109375,35924.01171875,39871.95859375,3433.4064052459153
459,rollout/ep_rew_mean,942080.0,43193.10546875,42046.16015625,36124.1015625,41361.0,36280.1484375,39800.903125,3350.2500442601663
460,rollout/ep_rew_mean,944128.0,43583.140625,42350.03515625,36045.41015625,41344.8125,36449.86328125,39954.65234375,3478.57916895546
461,rollout/ep_rew_mean,946176.0,43393.1015625,42856.734375,36034.96484375,41337.1015625,36322.28125,39988.83671875,3560.4917494408414
462,rollout/ep_rew_mean,948224.0,44248.91796875,42841.28125,35819.1953125,41697.89453125,35790.30078125,40079.51796875,4005.5620297472788
463,rollout/ep_rew_mean,950272.0,44543.12109375,43097.703125,35274.66015625,41155.34765625,35774.171875,39969.00078125,4235.333438853135
464,rollout/ep_rew_mean,952320.0,45381.98828125,43222.94140625,35569.73828125,41058.56640625,35955.30078125,40237.70703125,4364.000444183187
465,rollout/ep_rew_mean,954368.0,45130.6484375,43228.93359375,35913.1484375,41190.890625,36060.70703125,40304.865625,4181.012304568119
466,rollout/ep_rew_mean,956416.0,45361.87890625,43238.70703125,35911.21875,41500.93359375,36294.29296875,40461.40625,4209.444392271862
467,rollout/ep_rew_mean,958464.0,45028.765625,42856.9296875,36057.859375,42244.92578125,36247.7265625,40487.24140625,4090.330990000763
468,rollout/ep_rew_mean,960512.0,44583.6328125,42408.078125,36133.953125,42617.33203125,36126.60546875,40373.9203125,3965.771633984098
469,rollout/ep_rew_mean,962560.0,44226.734375,42405.39453125,36047.9296875,42080.9375,35740.89453125,40100.378125,3927.148059204915
470,rollout/ep_rew_mean,964608.0,43788.234375,41931.92578125,35778.1171875,42036.875,35150.40234375,39737.1109375,3975.8412721049626
471,rollout/ep_rew_mean,966656.0,43382.20703125,42209.15234375,35604.12890625,42211.35546875,35652.34765625,39811.83828125,3848.977490914649
472,rollout/ep_rew_mean,968704.0,43163.84765625,42408.5546875,36244.07421875,42123.7890625,35864.7734375,39961.0078125,3588.9073163243324
473,rollout/ep_rew_mean,970752.0,42983.44921875,41713.828125,36461.43359375,42347.50390625,35551.953125,39811.63359375,3517.0340619398544
474,rollout/ep_rew_mean,972800.0,43096.046875,41566.046875,36636.27734375,42297.03125,35941.91796875,39907.4640625,3356.1215343104664
475,rollout/ep_rew_mean,974848.0,42953.43359375,42282.78515625,36644.74609375,42261.640625,35993.05078125,40027.13125,3404.357012430948
476,rollout/ep_rew_mean,976896.0,42518.9609375,42504.40625,37109.5546875,42321.8046875,36230.06640625,40136.95859375,3181.244921426792
477,rollout/ep_rew_mean,978944.0,42746.3359375,42783.9453125,36723.16796875,41861.703125,36480.74609375,40119.1796875,3233.048419771516
478,rollout/ep_rew_mean,980992.0,43093.51953125,42995.5546875,36386.11328125,41867.9921875,36435.0703125,40155.65,3452.5487711568235
479,rollout/ep_rew_mean,983040.0,43485.98046875,42936.2109375,36628.12890625,42141.16015625,36770.73828125,40392.44375,3405.3467793014247
480,rollout/ep_rew_mean,985088.0,43514.9765625,43001.02734375,36728.66796875,41993.48828125,37083.9765625,40464.42734375,3296.269218334523
481,rollout/ep_rew_mean,987136.0,43424.328125,42873.15625,36816.1796875,41706.78515625,37042.5703125,40372.60390625,3204.8049588939716
482,rollout/ep_rew_mean,989184.0,42737.96875,42579.140625,37138.0234375,41574.515625,36790.94140625,40164.11796875,2957.2720561760125
483,rollout/ep_rew_mean,991232.0,43305.5390625,43071.3125,36922.36328125,41425.94140625,37286.328125,40402.296875,3099.1735511269094
484,rollout/ep_rew_mean,993280.0,42756.0703125,42555.484375,36491.01953125,41642.44140625,36735.67578125,40036.13828125,3153.817701992528
485,rollout/ep_rew_mean,995328.0,42884.06640625,41856.578125,36564.5859375,41127.5234375,36312.9921875,39749.14921875,3086.9684275187456
486,rollout/ep_rew_mean,997376.0,42985.28515625,41897.25390625,35980.703125,41136.76171875,36742.671875,39748.53515625,3172.242428441301
487,rollout/ep_rew_mean,999424.0,43234.328125,41514.953125,36356.125,40920.62109375,36662.1171875,39737.62890625,3069.1447636434805
488,rollout/ep_rew_mean,1001472.0,43081.703125,41403.93359375,36099.78515625,40874.55859375,36610.46484375,39614.0890625,3089.8529319632853
